{"v":"5.6.5","fr":25,"ip":0,"op":59,"w":800,"h":445,"nm":"Comp 1","ddd":0,"assets":[{"id":"image_0","w":172,"h":172,"u":"images/","p":"img_0.png","e":0},{"id":"image_1","w":812,"h":457,"u":"images/","p":"img_1.png","e":0},{"id":"image_2","w":812,"h":457,"u":"images/","p":"img_2.png","e":0},{"id":"image_3","w":812,"h":457,"u":"images/","p":"img_3.png","e":0},{"id":"image_4","w":812,"h":457,"u":"images/","p":"img_4.png","e":0},{"id":"image_5","w":812,"h":457,"u":"images/","p":"img_5.png","e":0},{"id":"image_6","w":812,"h":457,"u":"images/","p":"img_6.png","e":0},{"id":"image_7","w":812,"h":457,"u":"images/","p":"img_7.png","e":0},{"id":"image_8","w":812,"h":457,"u":"images/","p":"img_8.png","e":0},{"id":"image_9","w":812,"h":457,"u":"images/","p":"img_9.png","e":0},{"id":"image_10","w":812,"h":457,"u":"images/","p":"img_10.png","e":0},{"id":"image_11","w":812,"h":457,"u":"images/","p":"img_11.png","e":0},{"id":"image_12","w":812,"h":457,"u":"images/","p":"img_12.png","e":0},{"id":"image_13","w":423,"h":144,"u":"images/","p":"img_13.png","e":0},{"id":"image_14","w":783,"h":201,"u":"images/","p":"img_14.png","e":0},{"id":"comp_0","layers":[{"ddd":0,"ind":1,"ty":0,"nm":"ball","parent":3,"refId":"comp_1","sr":1,"ks":{"o":{"a":1,"k":[{"i":{"x":[0.833],"y":[0.833]},"o":{"x":[0.167],"y":[0.167]},"t":0,"s":[0]},{"t":58,"s":[100]}],"ix":11},"r":{"a":0,"k":0,"ix":10},"p":{"a":0,"k":[245.652,200.761,0],"ix":2},"a":{"a":0,"k":[86,86,0],"ix":1},"s":{"a":0,"k":[-26.087,26.087,100],"ix":6}},"ao":0,"w":172,"h":172,"ip":0,"op":59,"st":0,"bm":0},{"ddd":0,"ind":2,"ty":0,"nm":"soccer 3","refId":"comp_2","sr":1,"ks":{"o":{"a":1,"k":[{"i":{"x":[0.833],"y":[0.833]},"o":{"x":[0.167],"y":[0.167]},"t":0,"s":[0]},{"t":58,"s":[100]}],"ix":11},"r":{"a":0,"k":0,"ix":10},"p":{"a":1,"k":[{"i":{"x":0.667,"y":1},"o":{"x":0.167,"y":0.167},"t":0,"s":[487,259.5,0],"to":[-32.333,0,0],"ti":[32.333,0,0]},{"t":58,"s":[293,259.5,0]}],"ix":2},"a":{"a":0,"k":[400,222.5,0],"ix":1},"s":{"a":0,"k":[-43,43,100],"ix":6}},"ao":0,"w":800,"h":445,"ip":0,"op":59,"st":0,"bm":0},{"ddd":0,"ind":3,"ty":0,"nm":"soccer","refId":"comp_2","sr":1,"ks":{"o":{"a":1,"k":[{"i":{"x":[0.833],"y":[0.833]},"o":{"x":[0.167],"y":[0.167]},"t":0,"s":[0]},{"t":58,"s":[100]}],"ix":11},"r":{"a":0,"k":0,"ix":10},"p":{"a":1,"k":[{"i":{"x":0.667,"y":1},"o":{"x":0.167,"y":0.167},"t":0,"s":[442,220.5,0],"to":[-51.5,0,0],"ti":[51.5,0,0]},{"t":58,"s":[133,220.5,0]}],"ix":2},"a":{"a":0,"k":[400,222.5,0],"ix":1},"s":{"a":0,"k":[-46,46,100],"ix":6}},"ao":0,"w":800,"h":445,"ip":0,"op":59,"st":0,"bm":0},{"ddd":0,"ind":4,"ty":0,"nm":"soccer 2","refId":"comp_2","sr":1,"ks":{"o":{"a":1,"k":[{"i":{"x":[0.833],"y":[0.833]},"o":{"x":[0.167],"y":[0.167]},"t":0,"s":[0]},{"t":58,"s":[100]}],"ix":11},"r":{"a":0,"k":0,"ix":10},"p":{"a":1,"k":[{"i":{"x":0.667,"y":1},"o":{"x":0.167,"y":0.167},"t":0,"s":[368,172.5,0],"to":[-30.167,0,0],"ti":[30.167,0,0]},{"t":58,"s":[187,172.5,0]}],"ix":2},"a":{"a":0,"k":[400,222.5,0],"ix":1},"s":{"a":0,"k":[-43,43,100],"ix":6}},"ao":0,"w":800,"h":445,"ip":0,"op":59,"st":0,"bm":0},{"ddd":0,"ind":5,"ty":2,"nm":"attackting.png","cl":"png","refId":"image_13","sr":1,"ks":{"o":{"a":0,"k":100,"ix":11},"r":{"a":0,"k":0,"ix":10},"p":{"a":1,"k":[{"i":{"x":0.667,"y":1},"o":{"x":0.167,"y":0.167},"t":0,"s":[496,209.5,0],"to":[-24.167,0,0],"ti":[24.167,0,0]},{"t":58,"s":[351,209.5,0]}],"ix":2},"a":{"a":0,"k":[211.5,72,0],"ix":1},"s":{"a":0,"k":[-80,80,100],"ix":6}},"ao":0,"ip":0,"op":59,"st":0,"bm":12}]},{"id":"comp_1","layers":[{"ddd":0,"ind":1,"ty":2,"nm":"ball.ai","cl":"ai","refId":"image_0","sr":1,"ks":{"o":{"a":0,"k":100,"ix":11},"r":{"a":1,"k":[{"i":{"x":[0.833],"y":[0.833]},"o":{"x":[0.167],"y":[0.167]},"t":0,"s":[0]},{"t":58,"s":[-1222]}],"ix":10},"p":{"a":0,"k":[86,86,0],"ix":2},"a":{"a":0,"k":[86,86,0],"ix":1},"s":{"a":0,"k":[100,100,100],"ix":6}},"ao":0,"ip":0,"op":59,"st":0,"bm":0}]},{"id":"comp_2","layers":[{"ddd":0,"ind":1,"ty":2,"nm":"圖層 1/attack.ai","cl":"ai","refId":"image_1","sr":1,"ks":{"o":{"a":0,"k":100,"ix":11},"r":{"a":0,"k":0,"ix":10},"p":{"a":0,"k":[268,143.5,0],"ix":2},"a":{"a":0,"k":[406,228.5,0],"ix":1},"s":{"a":0,"k":[100,100,100],"ix":6}},"ao":0,"ip":0,"op":3,"st":0,"bm":0},{"ddd":0,"ind":2,"ty":2,"nm":"圖層 2/attack.ai","cl":"ai","refId":"image_2","sr":1,"ks":{"o":{"a":0,"k":100,"ix":11},"r":{"a":0,"k":0,"ix":10},"p":{"a":0,"k":[268,143.5,0],"ix":2},"a":{"a":0,"k":[406,228.5,0],"ix":1},"s":{"a":0,"k":[100,100,100],"ix":6}},"ao":0,"ip":3,"op":6,"st":3,"bm":0},{"ddd":0,"ind":3,"ty":2,"nm":"圖層 3/attack.ai","cl":"ai","refId":"image_3","sr":1,"ks":{"o":{"a":0,"k":100,"ix":11},"r":{"a":0,"k":0,"ix":10},"p":{"a":0,"k":[268,143.5,0],"ix":2},"a":{"a":0,"k":[406,228.5,0],"ix":1},"s":{"a":0,"k":[100,100,100],"ix":6}},"ao":0,"ip":6,"op":9,"st":6,"bm":0},{"ddd":0,"ind":4,"ty":2,"nm":"圖層 4/attack.ai","cl":"ai","refId":"image_4","sr":1,"ks":{"o":{"a":0,"k":100,"ix":11},"r":{"a":0,"k":0,"ix":10},"p":{"a":0,"k":[268,143.5,0],"ix":2},"a":{"a":0,"k":[406,228.5,0],"ix":1},"s":{"a":0,"k":[100,100,100],"ix":6}},"ao":0,"ip":9,"op":12,"st":9,"bm":0},{"ddd":0,"ind":5,"ty":2,"nm":"圖層 5/attack.ai","cl":"ai","refId":"image_5","sr":1,"ks":{"o":{"a":0,"k":100,"ix":11},"r":{"a":0,"k":0,"ix":10},"p":{"a":0,"k":[268,143.5,0],"ix":2},"a":{"a":0,"k":[406,228.5,0],"ix":1},"s":{"a":0,"k":[100,100,100],"ix":6}},"ao":0,"ip":12,"op":15,"st":12,"bm":0},{"ddd":0,"ind":6,"ty":2,"nm":"圖層 6/attack.ai","cl":"ai","refId":"image_6","sr":1,"ks":{"o":{"a":0,"k":100,"ix":11},"r":{"a":0,"k":0,"ix":10},"p":{"a":0,"k":[268,143.5,0],"ix":2},"a":{"a":0,"k":[406,228.5,0],"ix":1},"s":{"a":0,"k":[100,100,100],"ix":6}},"ao":0,"ip":15,"op":18,"st":15,"bm":0},{"ddd":0,"ind":7,"ty":2,"nm":"圖層 7/attack.ai","cl":"ai","refId":"image_7","sr":1,"ks":{"o":{"a":0,"k":100,"ix":11},"r":{"a":0,"k":0,"ix":10},"p":{"a":0,"k":[268,143.5,0],"ix":2},"a":{"a":0,"k":[406,228.5,0],"ix":1},"s":{"a":0,"k":[100,100,100],"ix":6}},"ao":0,"ip":18,"op":21,"st":18,"bm":0},{"ddd":0,"ind":8,"ty":2,"nm":"圖層 8/attack.ai","cl":"ai","refId":"image_8","sr":1,"ks":{"o":{"a":0,"k":100,"ix":11},"r":{"a":0,"k":0,"ix":10},"p":{"a":0,"k":[268,143.5,0],"ix":2},"a":{"a":0,"k":[406,228.5,0],"ix":1},"s":{"a":0,"k":[100,100,100],"ix":6}},"ao":0,"ip":21,"op":24,"st":21,"bm":0},{"ddd":0,"ind":9,"ty":2,"nm":"圖層 9/attack.ai","cl":"ai","refId":"image_9","sr":1,"ks":{"o":{"a":0,"k":100,"ix":11},"r":{"a":0,"k":0,"ix":10},"p":{"a":0,"k":[268,143.5,0],"ix":2},"a":{"a":0,"k":[406,228.5,0],"ix":1},"s":{"a":0,"k":[100,100,100],"ix":6}},"ao":0,"ip":24,"op":27,"st":24,"bm":0},{"ddd":0,"ind":10,"ty":2,"nm":"圖層 10/attack.ai","cl":"ai","refId":"image_10","sr":1,"ks":{"o":{"a":0,"k":100,"ix":11},"r":{"a":0,"k":0,"ix":10},"p":{"a":0,"k":[268,143.5,0],"ix":2},"a":{"a":0,"k":[406,228.5,0],"ix":1},"s":{"a":0,"k":[100,100,100],"ix":6}},"ao":0,"ip":27,"op":30,"st":27,"bm":0},{"ddd":0,"ind":11,"ty":2,"nm":"圖層 11/attack.ai","cl":"ai","refId":"image_11","sr":1,"ks":{"o":{"a":0,"k":100,"ix":11},"r":{"a":0,"k":0,"ix":10},"p":{"a":0,"k":[268,143.5,0],"ix":2},"a":{"a":0,"k":[406,228.5,0],"ix":1},"s":{"a":0,"k":[100,100,100],"ix":6}},"ao":0,"ip":30,"op":33,"st":30,"bm":0},{"ddd":0,"ind":12,"ty":2,"nm":"圖層 12/attack.ai","cl":"ai","refId":"image_12","sr":1,"ks":{"o":{"a":0,"k":100,"ix":11},"r":{"a":0,"k":0,"ix":10},"p":{"a":0,"k":[268,143.5,0],"ix":2},"a":{"a":0,"k":[406,228.5,0],"ix":1},"s":{"a":0,"k":[100,100,100],"ix":6}},"ao":0,"ip":33,"op":36,"st":33,"bm":0},{"ddd":0,"ind":13,"ty":2,"nm":"圖層 1/attack.ai","cl":"ai","refId":"image_1","sr":1,"ks":{"o":{"a":0,"k":100,"ix":11},"r":{"a":0,"k":0,"ix":10},"p":{"a":0,"k":[268,143.5,0],"ix":2},"a":{"a":0,"k":[406,228.5,0],"ix":1},"s":{"a":0,"k":[100,100,100],"ix":6}},"ao":0,"ip":36,"op":39,"st":36,"bm":0},{"ddd":0,"ind":14,"ty":2,"nm":"圖層 2/attack.ai","cl":"ai","refId":"image_2","sr":1,"ks":{"o":{"a":0,"k":100,"ix":11},"r":{"a":0,"k":0,"ix":10},"p":{"a":0,"k":[268,143.5,0],"ix":2},"a":{"a":0,"k":[406,228.5,0],"ix":1},"s":{"a":0,"k":[100,100,100],"ix":6}},"ao":0,"ip":39,"op":42,"st":39,"bm":0},{"ddd":0,"ind":15,"ty":2,"nm":"圖層 3/attack.ai","cl":"ai","refId":"image_3","sr":1,"ks":{"o":{"a":0,"k":100,"ix":11},"r":{"a":0,"k":0,"ix":10},"p":{"a":0,"k":[268,143.5,0],"ix":2},"a":{"a":0,"k":[406,228.5,0],"ix":1},"s":{"a":0,"k":[100,100,100],"ix":6}},"ao":0,"ip":42,"op":45,"st":42,"bm":0},{"ddd":0,"ind":16,"ty":2,"nm":"圖層 4/attack.ai","cl":"ai","refId":"image_4","sr":1,"ks":{"o":{"a":0,"k":100,"ix":11},"r":{"a":0,"k":0,"ix":10},"p":{"a":0,"k":[268,143.5,0],"ix":2},"a":{"a":0,"k":[406,228.5,0],"ix":1},"s":{"a":0,"k":[100,100,100],"ix":6}},"ao":0,"ip":45,"op":48,"st":45,"bm":0},{"ddd":0,"ind":17,"ty":2,"nm":"圖層 5/attack.ai","cl":"ai","refId":"image_5","sr":1,"ks":{"o":{"a":0,"k":100,"ix":11},"r":{"a":0,"k":0,"ix":10},"p":{"a":0,"k":[268,143.5,0],"ix":2},"a":{"a":0,"k":[406,228.5,0],"ix":1},"s":{"a":0,"k":[100,100,100],"ix":6}},"ao":0,"ip":48,"op":51,"st":48,"bm":0},{"ddd":0,"ind":18,"ty":2,"nm":"圖層 6/attack.ai","cl":"ai","refId":"image_6","sr":1,"ks":{"o":{"a":0,"k":100,"ix":11},"r":{"a":0,"k":0,"ix":10},"p":{"a":0,"k":[268,143.5,0],"ix":2},"a":{"a":0,"k":[406,228.5,0],"ix":1},"s":{"a":0,"k":[100,100,100],"ix":6}},"ao":0,"ip":51,"op":54,"st":51,"bm":0},{"ddd":0,"ind":19,"ty":2,"nm":"圖層 7/attack.ai","cl":"ai","refId":"image_7","sr":1,"ks":{"o":{"a":0,"k":100,"ix":11},"r":{"a":0,"k":0,"ix":10},"p":{"a":0,"k":[268,143.5,0],"ix":2},"a":{"a":0,"k":[406,228.5,0],"ix":1},"s":{"a":0,"k":[100,100,100],"ix":6}},"ao":0,"ip":54,"op":57,"st":54,"bm":0},{"ddd":0,"ind":20,"ty":2,"nm":"圖層 8/attack.ai","cl":"ai","refId":"image_8","sr":1,"ks":{"o":{"a":0,"k":100,"ix":11},"r":{"a":0,"k":0,"ix":10},"p":{"a":0,"k":[268,143.5,0],"ix":2},"a":{"a":0,"k":[406,228.5,0],"ix":1},"s":{"a":0,"k":[100,100,100],"ix":6}},"ao":0,"ip":57,"op":60,"st":57,"bm":0},{"ddd":0,"ind":21,"ty":2,"nm":"圖層 9/attack.ai","cl":"ai","refId":"image_9","sr":1,"ks":{"o":{"a":0,"k":100,"ix":11},"r":{"a":0,"k":0,"ix":10},"p":{"a":0,"k":[268,143.5,0],"ix":2},"a":{"a":0,"k":[406,228.5,0],"ix":1},"s":{"a":0,"k":[100,100,100],"ix":6}},"ao":0,"ip":60,"op":63,"st":60,"bm":0},{"ddd":0,"ind":22,"ty":2,"nm":"圖層 10/attack.ai","cl":"ai","refId":"image_10","sr":1,"ks":{"o":{"a":0,"k":100,"ix":11},"r":{"a":0,"k":0,"ix":10},"p":{"a":0,"k":[268,143.5,0],"ix":2},"a":{"a":0,"k":[406,228.5,0],"ix":1},"s":{"a":0,"k":[100,100,100],"ix":6}},"ao":0,"ip":63,"op":66,"st":63,"bm":0},{"ddd":0,"ind":23,"ty":2,"nm":"圖層 11/attack.ai","cl":"ai","refId":"image_11","sr":1,"ks":{"o":{"a":0,"k":100,"ix":11},"r":{"a":0,"k":0,"ix":10},"p":{"a":0,"k":[268,143.5,0],"ix":2},"a":{"a":0,"k":[406,228.5,0],"ix":1},"s":{"a":0,"k":[100,100,100],"ix":6}},"ao":0,"ip":66,"op":69,"st":66,"bm":0},{"ddd":0,"ind":24,"ty":2,"nm":"圖層 12/attack.ai","cl":"ai","refId":"image_12","sr":1,"ks":{"o":{"a":0,"k":100,"ix":11},"r":{"a":0,"k":0,"ix":10},"p":{"a":0,"k":[268,143.5,0],"ix":2},"a":{"a":0,"k":[406,228.5,0],"ix":1},"s":{"a":0,"k":[100,100,100],"ix":6}},"ao":0,"ip":69,"op":72,"st":69,"bm":0}]}],"layers":[{"ddd":0,"ind":1,"ty":4,"nm":"Đội Khách Tiến Công Nguy Hiểm Outlines","sr":1,"ks":{"o":{"a":1,"k":[{"i":{"x":[0.833],"y":[0.833]},"o":{"x":[0.167],"y":[0.167]},"t":0,"s":[0]},{"t":58,"s":[100]}],"ix":11},"r":{"a":0,"k":0,"ix":10},"p":{"a":1,"k":[{"i":{"x":0.667,"y":1},"o":{"x":0.167,"y":0.167},"t":0,"s":[400,249,0],"to":[25.167,0,0],"ti":[-25.167,0,0]},{"t":58,"s":[551,249,0]}],"ix":2},"a":{"a":0,"k":[0,0,0],"ix":1},"s":{"a":0,"k":[100,100,100],"ix":6}},"ao":0,"shapes":[{"ty":"gr","it":[{"ind":0,"ty":"sh","ix":1,"ks":{"a":0,"k":{"i":[[0.788,1.031],[1.963,0],[0.507,-0.018],[0.258,0],[0,0],[0.317,-1.799],[0.468,0.006],[0,0],[-0.332,0.023],[0.332,-1.453],[-0.92,0],[-1.281,1.248],[-0.291,1.652]],"o":[[-0.788,-1.031],[-0.252,0],[-0.507,0.018],[0,0],[-0.181,1.459],[-0.334,0],[0,0],[0.538,-0.059],[-0.345,1.957],[1.511,0.07],[1.881,0],[1.281,-1.248],[0.269,-1.523]],"v":[[-112.086,-9.949],[-116.212,-11.496],[-117.351,-11.47],[-118.498,-11.443],[-120.036,-11.443],[-120.783,-6.557],[-121.986,-6.565],[-122.342,-4.992],[-121.037,-5.115],[-122.054,0],[-118.407,0.105],[-113.665,-1.767],[-111.307,-6.117]],"c":true},"ix":2},"nm":"Đ","mn":"ADBE Vector Shape - Group","hd":false},{"ind":1,"ty":"sh","ix":2,"ks":{"a":0,"k":{"i":[[0.744,-0.782],[1.23,0],[0.367,0.076],[-0.232,1.313],[-0.41,0],[0,0],[0.585,-0.029],[-0.073,0.814],[-0.299,0],[-0.536,-0.779],[0.195,-1.107]],"o":[[-0.744,0.782],[-0.41,0],[0.118,-0.967],[1.472,-0.041],[0,0],[-1.369,0.123],[0.221,-1.219],[0.401,-0.047],[1.312,0],[0.536,0.779],[-0.198,1.125]],"v":[[-115.187,-2.878],[-118.15,-1.705],[-119.316,-1.819],[-118.792,-5.238],[-115.969,-5.3],[-115.617,-6.847],[-118.549,-6.618],[-118.108,-9.668],[-117.058,-9.738],[-114.285,-8.569],[-113.773,-5.739]],"c":true},"ix":2},"nm":"Đ","mn":"ADBE Vector Shape - Group","hd":false},{"ty":"mm","mm":1,"nm":"Merge Paths 1","mn":"ADBE Vector Filter - Merge","hd":false},{"ty":"fl","c":{"a":0,"k":[1,1,1,1],"ix":4},"o":{"a":0,"k":100,"ix":5},"r":1,"bm":0,"nm":"Fill 1","mn":"ADBE Vector Graphic - Fill","hd":false},{"ty":"st","c":{"a":0,"k":[0.803920012829,0.208070014505,0.208070014505,1],"ix":3},"o":{"a":0,"k":100,"ix":4},"w":{"a":0,"k":2,"ix":5},"lc":1,"lj":1,"ml":4,"bm":0,"nm":"Stroke 1","mn":"ADBE Vector Graphic - Stroke","hd":false},{"ty":"tr","p":{"a":0,"k":[0,0],"ix":2},"a":{"a":0,"k":[0,0],"ix":1},"s":{"a":0,"k":[100,100],"ix":3},"r":{"a":0,"k":0,"ix":6},"o":{"a":0,"k":100,"ix":7},"sk":{"a":0,"k":0,"ix":4},"sa":{"a":0,"k":0,"ix":5},"nm":"Transform"}],"nm":"Đ","np":5,"cix":2,"bm":0,"ix":1,"mn":"ADBE Vector Group","hd":false},{"ty":"gr","it":[{"ind":0,"ty":"sh","ix":1,"ks":{"a":0,"k":{"i":[[0.7,0.765],[1.166,0],[1.062,-0.838],[0.261,-1.482],[-0.704,-0.759],[-1.172,0],[-1.055,0.832],[-0.26,1.477]],"o":[[-0.7,-0.765],[-1.23,0],[-1.062,0.838],[-0.243,1.377],[0.704,0.759],[1.23,0],[1.055,-0.832],[0.244,-1.383]],"v":[[-102.175,-7.589],[-104.974,-8.736],[-108.413,-7.479],[-110.397,-3.999],[-109.705,-0.795],[-106.891,0.343],[-103.463,-0.905],[-101.49,-4.368]],"c":true},"ix":2},"nm":"ộ","mn":"ADBE Vector Shape - Group","hd":false},{"ind":1,"ty":"sh","ix":2,"ks":{"a":0,"k":{"i":[[0.485,-0.539],[0.621,0],[0.297,0.577],[-0.15,0.85],[-0.485,0.539],[-0.621,0],[-0.297,-0.577],[0.15,-0.85]],"o":[[-0.485,0.539],[-0.639,0],[-0.297,-0.577],[0.143,-0.809],[0.485,-0.539],[0.639,0],[0.297,0.577],[-0.143,0.809]],"v":[[-104.772,-2.083],[-106.431,-1.274],[-107.834,-2.14],[-108.054,-4.28],[-107.113,-6.302],[-105.454,-7.11],[-104.051,-6.245],[-103.831,-4.104]],"c":true},"ix":2},"nm":"ộ","mn":"ADBE Vector Shape - Group","hd":false},{"ind":2,"ty":"sh","ix":3,"ks":{"a":0,"k":{"i":[[0.403,0.87],[-0.011,0.065],[0,0],[0.71,-0.87],[0.016,-0.094],[0,0],[-1.157,1.043],[0.016,-0.094],[0,0]],"o":[[-0.403,-0.87],[0,0],[-0.011,0.065],[-0.71,0.87],[0,0],[0.016,-0.094],[0.789,1.043],[0,0],[0.016,-0.094]],"v":[[-102.599,-10.991],[-103.187,-12.393],[-105.49,-12.393],[-106.572,-10.991],[-107.662,-9.545],[-106.299,-9.545],[-104.54,-11.25],[-103.381,-9.545],[-102.019,-9.545]],"c":true},"ix":2},"nm":"ộ","mn":"ADBE Vector Shape - Group","hd":false},{"ind":3,"ty":"sh","ix":4,"ks":{"a":0,"k":{"i":[[0.031,0.155],[0.087,0.12],[0.149,0.07],[0.211,0],[0.207,-0.079],[0.156,-0.135],[0.102,-0.179],[0.035,-0.199],[-0.03,-0.161],[-0.094,-0.117],[-0.149,-0.07],[-0.205,0],[-0.208,0.082],[-0.156,0.138],[-0.102,0.182],[-0.034,0.193]],"o":[[-0.031,-0.155],[-0.087,-0.12],[-0.149,-0.07],[-0.246,0],[-0.207,0.079],[-0.156,0.135],[-0.102,0.179],[-0.032,0.182],[0.03,0.161],[0.094,0.117],[0.149,0.07],[0.24,0],[0.208,-0.082],[0.156,-0.138],[0.102,-0.182],[0.031,-0.176]],"v":[[-105.724,1.797],[-105.902,1.384],[-106.256,1.099],[-106.795,0.993],[-107.475,1.112],[-108.02,1.433],[-108.406,1.903],[-108.611,2.47],[-108.614,2.984],[-108.428,3.401],[-108.065,3.683],[-107.534,3.788],[-106.862,3.665],[-106.316,3.335],[-105.929,2.856],[-105.724,2.294]],"c":true},"ix":2},"nm":"ộ","mn":"ADBE Vector Shape - Group","hd":false},{"ty":"mm","mm":1,"nm":"Merge Paths 1","mn":"ADBE Vector Filter - Merge","hd":false},{"ty":"fl","c":{"a":0,"k":[1,1,1,1],"ix":4},"o":{"a":0,"k":100,"ix":5},"r":1,"bm":0,"nm":"Fill 1","mn":"ADBE Vector Graphic - Fill","hd":false},{"ty":"st","c":{"a":0,"k":[0.803920012829,0.208070014505,0.208070014505,1],"ix":3},"o":{"a":0,"k":100,"ix":4},"w":{"a":0,"k":2,"ix":5},"lc":1,"lj":1,"ml":4,"bm":0,"nm":"Stroke 1","mn":"ADBE Vector Graphic - Stroke","hd":false},{"ty":"tr","p":{"a":0,"k":[0,0],"ix":2},"a":{"a":0,"k":[0,0],"ix":1},"s":{"a":0,"k":[100,100],"ix":3},"r":{"a":0,"k":0,"ix":6},"o":{"a":0,"k":100,"ix":7},"sk":{"a":0,"k":0,"ix":4},"sa":{"a":0,"k":0,"ix":5},"nm":"Transform"}],"nm":"ộ","np":7,"cix":2,"bm":0,"ix":2,"mn":"ADBE Vector Group","hd":false},{"ty":"gr","it":[{"ind":0,"ty":"sh","ix":1,"ks":{"a":0,"k":{"i":[[-0.266,1.506],[-0.277,1.137],[0,0],[0.275,-1.559],[0.296,-1.213],[0,0]],"o":[[0.311,-1.764],[0,0],[-0.007,1.172],[-0.277,1.57],[0,0],[0.143,-1.277]],"v":[[-97.57,-4.175],[-96.688,-8.525],[-99.264,-8.271],[-99.688,-4.175],[-100.547,0],[-98.183,0]],"c":true},"ix":2},"nm":"i","mn":"ADBE Vector Shape - Group","hd":false},{"ind":1,"ty":"sh","ix":2,"ks":{"a":0,"k":{"i":[[0.181,0.255],[0.416,0],[0.324,-0.293],[0.07,-0.398],[-0.186,-0.258],[-0.41,0],[-0.325,0.299],[-0.07,0.399]],"o":[[-0.181,-0.255],[-0.492,0],[-0.324,0.293],[-0.064,0.363],[0.186,0.258],[0.486,0],[0.325,-0.299],[0.063,-0.357]],"v":[[-96.014,-11.922],[-96.909,-12.305],[-98.134,-11.865],[-98.725,-10.828],[-98.543,-9.896],[-97.648,-9.51],[-96.431,-9.958],[-95.838,-11.004]],"c":true},"ix":2},"nm":"i","mn":"ADBE Vector Shape - Group","hd":false},{"ty":"mm","mm":1,"nm":"Merge Paths 1","mn":"ADBE Vector Filter - Merge","hd":false},{"ty":"fl","c":{"a":0,"k":[1,1,1,1],"ix":4},"o":{"a":0,"k":100,"ix":5},"r":1,"bm":0,"nm":"Fill 1","mn":"ADBE Vector Graphic - Fill","hd":false},{"ty":"st","c":{"a":0,"k":[0.803920012829,0.208070014505,0.208070014505,1],"ix":3},"o":{"a":0,"k":100,"ix":4},"w":{"a":0,"k":2,"ix":5},"lc":1,"lj":1,"ml":4,"bm":0,"nm":"Stroke 1","mn":"ADBE Vector Graphic - Stroke","hd":false},{"ty":"tr","p":{"a":0,"k":[0,0],"ix":2},"a":{"a":0,"k":[0,0],"ix":1},"s":{"a":0,"k":[100,100],"ix":3},"r":{"a":0,"k":0,"ix":6},"o":{"a":0,"k":100,"ix":7},"sk":{"a":0,"k":0,"ix":4},"sa":{"a":0,"k":0,"ix":5},"nm":"Transform"}],"nm":"i","np":5,"cix":2,"bm":0,"ix":3,"mn":"ADBE Vector Group","hd":false},{"ty":"gr","it":[{"ind":0,"ty":"sh","ix":1,"ks":{"a":0,"k":{"i":[[0.867,1.863],[0.543,0.311],[0,0],[-1.338,1.307],[-0.034,0.193],[0,0],[1.261,-1.4],[0.258,0],[0,0],[-0.351,1.623],[0,0],[0.376,-2.133],[0.388,-1.769],[0,0],[-0.236,1.336],[0,0],[-0.756,-1.693],[0.048,-0.269],[0,0]],"o":[[-0.93,-2.004],[0,0],[0.573,-0.357],[1.295,-1.266],[0,0],[-0.036,0.205],[-1.297,1.441],[0,0],[0.251,-1.424],[0,0],[-0.189,1.506],[-0.392,2.221],[0,0],[0.326,-2.215],[0,0],[0.439,0],[0.71,1.588],[0,0],[0.042,-0.24]],"v":[[-83.994,-3.155],[-86.204,-6.627],[-86.18,-6.759],[-83.314,-9.255],[-81.32,-11.443],[-83.939,-11.443],[-85.884,-9.035],[-88.217,-6.873],[-88.41,-6.873],[-87.508,-11.443],[-89.986,-11.443],[-90.834,-5.985],[-92.004,0],[-89.525,0],[-88.683,-5.326],[-88.419,-5.326],[-86.626,-2.786],[-85.632,0],[-82.758,0]],"c":true},"ix":2},"nm":"K","mn":"ADBE Vector Shape - Group","hd":false},{"ty":"fl","c":{"a":0,"k":[1,1,1,1],"ix":4},"o":{"a":0,"k":100,"ix":5},"r":1,"bm":0,"nm":"Fill 1","mn":"ADBE Vector Graphic - Fill","hd":false},{"ty":"st","c":{"a":0,"k":[0.803920012829,0.208070014505,0.208070014505,1],"ix":3},"o":{"a":0,"k":100,"ix":4},"w":{"a":0,"k":2,"ix":5},"lc":1,"lj":1,"ml":4,"bm":0,"nm":"Stroke 1","mn":"ADBE Vector Graphic - Stroke","hd":false},{"ty":"tr","p":{"a":0,"k":[0,0],"ix":2},"a":{"a":0,"k":[0,0],"ix":1},"s":{"a":0,"k":[100,100],"ix":3},"r":{"a":0,"k":0,"ix":6},"o":{"a":0,"k":100,"ix":7},"sk":{"a":0,"k":0,"ix":4},"sa":{"a":0,"k":0,"ix":5},"nm":"Transform"}],"nm":"K","np":3,"cix":2,"bm":0,"ix":4,"mn":"ADBE Vector Group","hd":false},{"ty":"gr","it":[{"ind":0,"ty":"sh","ix":1,"ks":{"a":0,"k":{"i":[[-0.173,0.979],[-0.075,0.343],[-0.02,0.111],[0.461,0.428],[0.943,0],[0.898,-0.709],[0,0],[-0.421,1.887],[0,0],[0.412,-2.338],[0.385,-1.816],[0,0],[-0.439,2.49],[-0.639,0],[-0.206,-0.325],[0.184,-1.043],[0.39,-1.482],[0,0]],"o":[[0.02,-0.111],[0.075,-0.343],[0.19,-1.078],[-0.461,-0.428],[-0.996,0],[0,0],[0.246,-1.394],[0,0],[-0.091,1.547],[-0.447,2.537],[0,0],[0.234,-1.658],[0.691,-0.428],[0.603,0],[0.206,0.325],[-0.247,1.4],[0,0],[0.313,-1.939]],"v":[[-73.012,-4.377],[-72.87,-5.058],[-72.728,-5.739],[-73.134,-7.998],[-75.24,-8.64],[-78.082,-7.576],[-78.196,-7.576],[-77.197,-12.498],[-79.709,-12.357],[-80.464,-6.53],[-81.712,0],[-79.374,0],[-78.365,-6.223],[-76.371,-6.864],[-75.156,-6.376],[-75.122,-4.324],[-76.078,0],[-73.74,0]],"c":true},"ix":2},"nm":"h","mn":"ADBE Vector Shape - Group","hd":false},{"ty":"fl","c":{"a":0,"k":[1,1,1,1],"ix":4},"o":{"a":0,"k":100,"ix":5},"r":1,"bm":0,"nm":"Fill 1","mn":"ADBE Vector Graphic - Fill","hd":false},{"ty":"st","c":{"a":0,"k":[0.803920012829,0.208070014505,0.208070014505,1],"ix":3},"o":{"a":0,"k":100,"ix":4},"w":{"a":0,"k":2,"ix":5},"lc":1,"lj":1,"ml":4,"bm":0,"nm":"Stroke 1","mn":"ADBE Vector Graphic - Stroke","hd":false},{"ty":"tr","p":{"a":0,"k":[0,0],"ix":2},"a":{"a":0,"k":[0,0],"ix":1},"s":{"a":0,"k":[100,100],"ix":3},"r":{"a":0,"k":0,"ix":6},"o":{"a":0,"k":100,"ix":7},"sk":{"a":0,"k":0,"ix":4},"sa":{"a":0,"k":0,"ix":5},"nm":"Transform"}],"nm":"h","np":3,"cix":2,"bm":0,"ix":5,"mn":"ADBE Vector Group","hd":false},{"ty":"gr","it":[{"ind":0,"ty":"sh","ix":1,"ks":{"a":0,"k":{"i":[[-0.214,1.213],[-0.135,0.65],[-0.043,0.246],[0.499,0.445],[1.06,0],[0.845,-0.275],[0,0],[-0.885,0],[-0.269,-0.202],[0.112,-0.633],[0.03,-0.105],[0.853,-0.568],[0.157,-0.891],[-0.412,-0.407],[-0.733,0],[-0.742,0.551],[0,0],[-0.05,-0.246],[0,0]],"o":[[0.038,-0.217],[0.135,-0.65],[0.196,-1.113],[-0.499,-0.445],[-1.453,0],[0,0],[0.885,-0.234],[0.814,0],[0.269,0.202],[-0.016,0.094],[-1.893,0.035],[-0.853,0.568],[-0.119,0.674],[0.412,0.407],[1.096,0],[0,0],[-0.035,0.199],[0,0],[-0.051,-0.773]],"v":[[-64.389,-2.988],[-64.129,-4.289],[-63.861,-5.634],[-64.315,-7.972],[-66.653,-8.64],[-70.101,-8.227],[-70.58,-6.609],[-67.925,-6.961],[-66.3,-6.658],[-66.064,-5.405],[-66.134,-5.106],[-70.253,-4.201],[-71.768,-2.013],[-71.329,-0.391],[-69.613,0.22],[-66.857,-0.606],[-66.743,-0.606],[-66.72,0.062],[-64.633,-0.009]],"c":true},"ix":2},"nm":"á","mn":"ADBE Vector Shape - Group","hd":false},{"ind":1,"ty":"sh","ix":2,"ks":{"a":0,"k":{"i":[[0.691,0],[-0.123,0.697],[-1.998,0],[0.104,-0.791]],"o":[[-0.879,0],[0.179,-1.014],[-0.101,0.574],[-0.524,0.346]],"v":[[-68.48,-1.318],[-69.614,-2.364],[-66.349,-3.885],[-66.657,-1.837]],"c":true},"ix":2},"nm":"á","mn":"ADBE Vector Shape - Group","hd":false},{"ind":2,"ty":"sh","ix":3,"ks":{"a":0,"k":{"i":[[0,0],[0.681,-0.87],[0.016,-0.094],[0,0],[-0.962,0.867],[-0.012,0.07]],"o":[[-0.011,0.065],[-0.681,0.87],[0,0],[0.016,-0.094],[0.962,-0.867],[0,0]],"v":[[-65.666,-12.393],[-66.705,-10.991],[-67.75,-9.545],[-66.212,-9.545],[-64.745,-10.986],[-63.285,-12.393]],"c":true},"ix":2},"nm":"á","mn":"ADBE Vector Shape - Group","hd":false},{"ty":"mm","mm":1,"nm":"Merge Paths 1","mn":"ADBE Vector Filter - Merge","hd":false},{"ty":"fl","c":{"a":0,"k":[1,1,1,1],"ix":4},"o":{"a":0,"k":100,"ix":5},"r":1,"bm":0,"nm":"Fill 1","mn":"ADBE Vector Graphic - Fill","hd":false},{"ty":"st","c":{"a":0,"k":[0.803920012829,0.208070014505,0.208070014505,1],"ix":3},"o":{"a":0,"k":100,"ix":4},"w":{"a":0,"k":2,"ix":5},"lc":1,"lj":1,"ml":4,"bm":0,"nm":"Stroke 1","mn":"ADBE Vector Graphic - Stroke","hd":false},{"ty":"tr","p":{"a":0,"k":[0,0],"ix":2},"a":{"a":0,"k":[0,0],"ix":1},"s":{"a":0,"k":[100,100],"ix":3},"r":{"a":0,"k":0,"ix":6},"o":{"a":0,"k":100,"ix":7},"sk":{"a":0,"k":0,"ix":4},"sa":{"a":0,"k":0,"ix":5},"nm":"Transform"}],"nm":"á","np":6,"cix":2,"bm":0,"ix":6,"mn":"ADBE Vector Group","hd":false},{"ty":"gr","it":[{"ind":0,"ty":"sh","ix":1,"ks":{"a":0,"k":{"i":[[0.521,0],[0.389,0.551],[-0.141,0.797],[-0.499,0.501],[-0.709,0],[-0.5,-0.223],[0,0],[0.721,0],[1.011,-0.917],[0.217,-1.23],[-0.663,-0.844],[-1.512,0],[-0.583,0.281],[0,0]],"o":[[-0.891,0],[-0.389,-0.551],[0.129,-0.732],[0.499,-0.501],[0.668,0],[0,0],[-0.534,-0.164],[-1.477,0],[-1.011,0.917],[-0.209,1.184],[0.663,0.844],[0.914,0],[0,0],[-0.815,0.234]],"v":[[-57.973,-1.494],[-59.893,-2.32],[-60.266,-4.342],[-59.324,-6.192],[-57.513,-6.943],[-55.761,-6.609],[-55.146,-8.402],[-57.028,-8.648],[-60.76,-7.273],[-62.602,-4.052],[-61.921,-1.011],[-58.659,0.255],[-56.414,-0.167],[-55.968,-1.846]],"c":true},"ix":2},"nm":"c","mn":"ADBE Vector Shape - Group","hd":false},{"ty":"fl","c":{"a":0,"k":[1,1,1,1],"ix":4},"o":{"a":0,"k":100,"ix":5},"r":1,"bm":0,"nm":"Fill 1","mn":"ADBE Vector Graphic - Fill","hd":false},{"ty":"st","c":{"a":0,"k":[0.803920012829,0.208070014505,0.208070014505,1],"ix":3},"o":{"a":0,"k":100,"ix":4},"w":{"a":0,"k":2,"ix":5},"lc":1,"lj":1,"ml":4,"bm":0,"nm":"Stroke 1","mn":"ADBE Vector Graphic - Stroke","hd":false},{"ty":"tr","p":{"a":0,"k":[0,0],"ix":2},"a":{"a":0,"k":[0,0],"ix":1},"s":{"a":0,"k":[100,100],"ix":3},"r":{"a":0,"k":0,"ix":6},"o":{"a":0,"k":100,"ix":7},"sk":{"a":0,"k":0,"ix":4},"sa":{"a":0,"k":0,"ix":5},"nm":"Transform"}],"nm":"c","np":3,"cix":2,"bm":0,"ix":7,"mn":"ADBE Vector Group","hd":false},{"ty":"gr","it":[{"ind":0,"ty":"sh","ix":1,"ks":{"a":0,"k":{"i":[[-0.173,0.979],[-0.075,0.343],[-0.02,0.111],[0.461,0.428],[0.943,0],[0.898,-0.709],[0,0],[-0.421,1.887],[0,0],[0.412,-2.338],[0.385,-1.816],[0,0],[-0.439,2.49],[-0.639,0],[-0.206,-0.325],[0.184,-1.043],[0.39,-1.482],[0,0]],"o":[[0.02,-0.111],[0.075,-0.343],[0.19,-1.078],[-0.461,-0.428],[-0.996,0],[0,0],[0.246,-1.394],[0,0],[-0.091,1.547],[-0.447,2.537],[0,0],[0.234,-1.658],[0.691,-0.428],[0.603,0],[0.206,0.325],[-0.247,1.4],[0,0],[0.313,-1.939]],"v":[[-46.258,-4.377],[-46.116,-5.058],[-45.974,-5.739],[-46.38,-7.998],[-48.486,-8.64],[-51.328,-7.576],[-51.442,-7.576],[-50.443,-12.498],[-52.955,-12.357],[-53.71,-6.53],[-54.958,0],[-52.62,0],[-51.611,-6.223],[-49.617,-6.864],[-48.402,-6.376],[-48.368,-4.324],[-49.324,0],[-46.986,0]],"c":true},"ix":2},"nm":"h","mn":"ADBE Vector Shape - Group","hd":false},{"ty":"fl","c":{"a":0,"k":[1,1,1,1],"ix":4},"o":{"a":0,"k":100,"ix":5},"r":1,"bm":0,"nm":"Fill 1","mn":"ADBE Vector Graphic - Fill","hd":false},{"ty":"st","c":{"a":0,"k":[0.803920012829,0.208070014505,0.208070014505,1],"ix":3},"o":{"a":0,"k":100,"ix":4},"w":{"a":0,"k":2,"ix":5},"lc":1,"lj":1,"ml":4,"bm":0,"nm":"Stroke 1","mn":"ADBE Vector Graphic - Stroke","hd":false},{"ty":"tr","p":{"a":0,"k":[0,0],"ix":2},"a":{"a":0,"k":[0,0],"ix":1},"s":{"a":0,"k":[100,100],"ix":3},"r":{"a":0,"k":0,"ix":6},"o":{"a":0,"k":100,"ix":7},"sk":{"a":0,"k":0,"ix":4},"sa":{"a":0,"k":0,"ix":5},"nm":"Transform"}],"nm":"h","np":3,"cix":2,"bm":0,"ix":8,"mn":"ADBE Vector Group","hd":false},{"ty":"gr","it":[{"ind":0,"ty":"sh","ix":1,"ks":{"a":0,"k":{"i":[[0,0],[0,0],[-0.826,0],[0.236,-1.336],[0.405,-1.863],[0,0],[-0.372,2.109],[-0.207,1.107],[-1.156,-0.088],[0,0]],"o":[[0,0],[1.458,-0.094],[-0.176,1.131],[-0.375,2.127],[0,0],[0.267,-1.881],[0.24,-1.359],[1.037,0],[0,0],[0,0]],"v":[[-39.827,-11.443],[-40.232,-9.545],[-36.806,-9.686],[-37.423,-5.985],[-38.593,0],[-36.132,0],[-35.173,-5.985],[-34.503,-9.686],[-31.213,-9.554],[-30.818,-11.443]],"c":true},"ix":2},"nm":"T","mn":"ADBE Vector Shape - Group","hd":false},{"ty":"fl","c":{"a":0,"k":[1,1,1,1],"ix":4},"o":{"a":0,"k":100,"ix":5},"r":1,"bm":0,"nm":"Fill 1","mn":"ADBE Vector Graphic - Fill","hd":false},{"ty":"st","c":{"a":0,"k":[0.803920012829,0.208070014505,0.208070014505,1],"ix":3},"o":{"a":0,"k":100,"ix":4},"w":{"a":0,"k":2,"ix":5},"lc":1,"lj":1,"ml":4,"bm":0,"nm":"Stroke 1","mn":"ADBE Vector Graphic - Stroke","hd":false},{"ty":"tr","p":{"a":0,"k":[0,0],"ix":2},"a":{"a":0,"k":[0,0],"ix":1},"s":{"a":0,"k":[100,100],"ix":3},"r":{"a":0,"k":0,"ix":6},"o":{"a":0,"k":100,"ix":7},"sk":{"a":0,"k":0,"ix":4},"sa":{"a":0,"k":0,"ix":5},"nm":"Transform"}],"nm":"T","np":3,"cix":2,"bm":0,"ix":9,"mn":"ADBE Vector Group","hd":false},{"ty":"gr","it":[{"ind":0,"ty":"sh","ix":1,"ks":{"a":0,"k":{"i":[[-0.266,1.506],[-0.277,1.137],[0,0],[0.275,-1.559],[0.296,-1.213],[0,0]],"o":[[0.311,-1.764],[0,0],[-0.007,1.172],[-0.277,1.57],[0,0],[0.143,-1.277]],"v":[[-28.558,-4.175],[-27.676,-8.525],[-30.253,-8.271],[-30.676,-4.175],[-31.535,0],[-29.171,0]],"c":true},"ix":2},"nm":"i","mn":"ADBE Vector Shape - Group","hd":false},{"ind":1,"ty":"sh","ix":2,"ks":{"a":0,"k":{"i":[[0.181,0.255],[0.416,0],[0.324,-0.293],[0.07,-0.398],[-0.186,-0.258],[-0.41,0],[-0.325,0.299],[-0.07,0.399]],"o":[[-0.181,-0.255],[-0.492,0],[-0.324,0.293],[-0.064,0.363],[0.186,0.258],[0.486,0],[0.325,-0.299],[0.063,-0.357]],"v":[[-27.003,-11.922],[-27.898,-12.305],[-29.122,-11.865],[-29.714,-10.828],[-29.531,-9.896],[-28.637,-9.51],[-27.419,-9.958],[-26.826,-11.004]],"c":true},"ix":2},"nm":"i","mn":"ADBE Vector Shape - Group","hd":false},{"ty":"mm","mm":1,"nm":"Merge Paths 1","mn":"ADBE Vector Filter - Merge","hd":false},{"ty":"fl","c":{"a":0,"k":[1,1,1,1],"ix":4},"o":{"a":0,"k":100,"ix":5},"r":1,"bm":0,"nm":"Fill 1","mn":"ADBE Vector Graphic - Fill","hd":false},{"ty":"st","c":{"a":0,"k":[0.803920012829,0.208070014505,0.208070014505,1],"ix":3},"o":{"a":0,"k":100,"ix":4},"w":{"a":0,"k":2,"ix":5},"lc":1,"lj":1,"ml":4,"bm":0,"nm":"Stroke 1","mn":"ADBE Vector Graphic - Stroke","hd":false},{"ty":"tr","p":{"a":0,"k":[0,0],"ix":2},"a":{"a":0,"k":[0,0],"ix":1},"s":{"a":0,"k":[100,100],"ix":3},"r":{"a":0,"k":0,"ix":6},"o":{"a":0,"k":100,"ix":7},"sk":{"a":0,"k":0,"ix":4},"sa":{"a":0,"k":0,"ix":5},"nm":"Transform"}],"nm":"i","np":5,"cix":2,"bm":0,"ix":10,"mn":"ADBE Vector Group","hd":false},{"ty":"gr","it":[{"ind":0,"ty":"sh","ix":1,"ks":{"a":0,"k":{"i":[[0.485,0.674],[1.242,0],[0.926,-0.917],[0.22,-1.248],[-0.656,-0.85],[-1.512,0],[-0.86,0.293],[0,0],[0.879,0],[0.409,0.439],[-0.035,0.662],[0,0],[-0.053,0.299]],"o":[[-0.485,-0.674],[-1.359,0],[-0.926,0.917],[-0.211,1.195],[0.656,0.85],[1.195,0],[0,0],[-1.037,0.264],[-0.791,0],[-0.409,-0.439],[0,0],[0.12,-0.48],[0.19,-1.078]],"v":[[-19.095,-7.699],[-21.685,-8.71],[-25.114,-7.334],[-26.833,-4.087],[-26.165,-1.02],[-22.914,0.255],[-19.831,-0.185],[-19.354,-1.89],[-22.228,-1.494],[-24.028,-2.153],[-24.589,-3.806],[-18.911,-3.902],[-18.653,-5.071]],"c":true},"ix":2},"nm":"ế","mn":"ADBE Vector Shape - Group","hd":false},{"ind":1,"ty":"sh","ix":2,"ks":{"a":0,"k":{"i":[[0,0],[-1.096,0],[0.238,-1.348]],"o":[[0.451,-1.394],[1.148,0],[0,0]],"v":[[-24.382,-5.08],[-22.062,-7.172],[-20.695,-5.15]],"c":true},"ix":2},"nm":"ế","mn":"ADBE Vector Shape - Group","hd":false},{"ind":2,"ty":"sh","ix":3,"ks":{"a":0,"k":{"i":[[0.403,0.873],[-0.011,0.065],[0,0],[0.711,-0.873],[0.015,-0.088],[0,0],[-1.157,1.043],[0.016,-0.094],[0,0]],"o":[[-0.403,-0.873],[0,0],[-0.011,0.065],[-0.711,0.873],[0,0],[0.016,-0.094],[0.789,1.043],[0,0],[0.015,-0.088]],"v":[[-19.359,-10.986],[-19.946,-12.393],[-22.248,-12.393],[-23.331,-10.986],[-24.42,-9.545],[-23.058,-9.545],[-21.299,-11.25],[-20.14,-9.545],[-18.778,-9.545]],"c":true},"ix":2},"nm":"ế","mn":"ADBE Vector Shape - Group","hd":false},{"ind":3,"ty":"sh","ix":4,"ks":{"a":0,"k":{"i":[[0,0],[0.572,-0.785],[0.016,-0.094],[0,0],[-0.771,0.785],[-0.012,0.07]],"o":[[-0.01,0.059],[-0.565,0.779],[0,0],[0.014,-0.082],[0.776,-0.779],[0,0]],"v":[[-17.306,-13.957],[-18.179,-12.691],[-19.052,-11.382],[-17.795,-11.382],[-16.616,-12.683],[-15.433,-13.957]],"c":true},"ix":2},"nm":"ế","mn":"ADBE Vector Shape - Group","hd":false},{"ty":"mm","mm":1,"nm":"Merge Paths 1","mn":"ADBE Vector Filter - Merge","hd":false},{"ty":"fl","c":{"a":0,"k":[1,1,1,1],"ix":4},"o":{"a":0,"k":100,"ix":5},"r":1,"bm":0,"nm":"Fill 1","mn":"ADBE Vector Graphic - Fill","hd":false},{"ty":"st","c":{"a":0,"k":[0.803920012829,0.208070014505,0.208070014505,1],"ix":3},"o":{"a":0,"k":100,"ix":4},"w":{"a":0,"k":2,"ix":5},"lc":1,"lj":1,"ml":4,"bm":0,"nm":"Stroke 1","mn":"ADBE Vector Graphic - Stroke","hd":false},{"ty":"tr","p":{"a":0,"k":[0,0],"ix":2},"a":{"a":0,"k":[0,0],"ix":1},"s":{"a":0,"k":[100,100],"ix":3},"r":{"a":0,"k":0,"ix":6},"o":{"a":0,"k":100,"ix":7},"sk":{"a":0,"k":0,"ix":4},"sa":{"a":0,"k":0,"ix":5},"nm":"Transform"}],"nm":"ế","np":7,"cix":2,"bm":0,"ix":11,"mn":"ADBE Vector Group","hd":false},{"ty":"gr","it":[{"ind":0,"ty":"sh","ix":1,"ks":{"a":0,"k":{"i":[[-0.14,0.791],[-0.065,0.284],[-0.03,0.17],[0.467,0.425],[0.902,0],[0.924,-0.691],[0,0],[0,0],[0,0],[0.247,-1.4],[0.429,-1.834],[0,0],[-0.374,2.285],[-0.668,0],[-0.215,-0.328],[0.162,-0.92],[0.39,-1.482],[0,0]],"o":[[0.053,-0.299],[0.065,-0.284],[0.201,-1.143],[-0.467,-0.425],[-1.043,0],[0,0],[0,0],[0,0],[0.068,1.242],[-0.185,1.049],[0,0],[0.323,-1.834],[0.678,-0.457],[0.557,0],[0.215,0.328],[-0.268,1.518],[0,0],[0.313,-1.939]],"v":[[-9.341,-4.096],[-9.165,-4.97],[-9.023,-5.651],[-9.421,-8.002],[-11.476,-8.64],[-14.427,-7.603],[-14.568,-7.603],[-14.553,-8.534],[-16.846,-8.288],[-17.115,-4.324],[-18.035,0],[-15.671,0],[-14.625,-6.179],[-12.606,-6.864],[-11.449,-6.372],[-11.371,-4.5],[-12.357,0],[-10.02,0]],"c":true},"ix":2},"nm":"n","mn":"ADBE Vector Shape - Group","hd":false},{"ty":"fl","c":{"a":0,"k":[1,1,1,1],"ix":4},"o":{"a":0,"k":100,"ix":5},"r":1,"bm":0,"nm":"Fill 1","mn":"ADBE Vector Graphic - Fill","hd":false},{"ty":"st","c":{"a":0,"k":[0.803920012829,0.208070014505,0.208070014505,1],"ix":3},"o":{"a":0,"k":100,"ix":4},"w":{"a":0,"k":2,"ix":5},"lc":1,"lj":1,"ml":4,"bm":0,"nm":"Stroke 1","mn":"ADBE Vector Graphic - Stroke","hd":false},{"ty":"tr","p":{"a":0,"k":[0,0],"ix":2},"a":{"a":0,"k":[0,0],"ix":1},"s":{"a":0,"k":[100,100],"ix":3},"r":{"a":0,"k":0,"ix":6},"o":{"a":0,"k":100,"ix":7},"sk":{"a":0,"k":0,"ix":4},"sa":{"a":0,"k":0,"ix":5},"nm":"Transform"}],"nm":"n","np":3,"cix":2,"bm":0,"ix":12,"mn":"ADBE Vector Group","hd":false},{"ty":"gr","it":[{"ind":0,"ty":"sh","ix":1,"ks":{"a":0,"k":{"i":[[0.726,0],[0.546,0.809],[-0.194,1.102],[-0.713,0.753],[-1.19,0],[-0.652,-0.223],[0,0],[0.715,0],[1.331,-1.219],[0.29,-1.646],[-0.856,-1.11],[-2.01,0],[-0.867,0.199],[0,0]],"o":[[-1.242,0],[-0.546,-0.809],[0.19,-1.078],[0.713,-0.753],[0.633,0],[0,0],[-0.61,-0.164],[-1.945,0],[-1.331,1.219],[-0.28,1.588],[0.856,1.11],[0.809,0],[0,0],[-0.9,0.252]],"v":[[2.243,-1.705],[-0.439,-2.918],[-0.967,-5.783],[0.388,-8.53],[3.241,-9.659],[5.169,-9.325],[5.834,-11.355],[3.847,-11.602],[-1.067,-9.773],[-3.499,-5.476],[-2.635,-1.428],[1.663,0.237],[4.177,-0.062],[4.683,-2.083]],"c":true},"ix":2},"nm":"C","mn":"ADBE Vector Shape - Group","hd":false},{"ty":"fl","c":{"a":0,"k":[1,1,1,1],"ix":4},"o":{"a":0,"k":100,"ix":5},"r":1,"bm":0,"nm":"Fill 1","mn":"ADBE Vector Graphic - Fill","hd":false},{"ty":"st","c":{"a":0,"k":[0.803920012829,0.208070014505,0.208070014505,1],"ix":3},"o":{"a":0,"k":100,"ix":4},"w":{"a":0,"k":2,"ix":5},"lc":1,"lj":1,"ml":4,"bm":0,"nm":"Stroke 1","mn":"ADBE Vector Graphic - Stroke","hd":false},{"ty":"tr","p":{"a":0,"k":[0,0],"ix":2},"a":{"a":0,"k":[0,0],"ix":1},"s":{"a":0,"k":[100,100],"ix":3},"r":{"a":0,"k":0,"ix":6},"o":{"a":0,"k":100,"ix":7},"sk":{"a":0,"k":0,"ix":4},"sa":{"a":0,"k":0,"ix":5},"nm":"Transform"}],"nm":"C","np":3,"cix":2,"bm":0,"ix":13,"mn":"ADBE Vector Group","hd":false},{"ty":"gr","it":[{"ind":0,"ty":"sh","ix":1,"ks":{"a":0,"k":{"i":[[0.7,0.765],[1.166,0],[1.062,-0.838],[0.261,-1.482],[-0.704,-0.759],[-1.172,0],[-1.055,0.832],[-0.26,1.477]],"o":[[-0.7,-0.765],[-1.23,0],[-1.062,0.838],[-0.243,1.377],[0.704,0.759],[1.23,0],[1.055,-0.832],[0.244,-1.383]],"v":[[14.333,-7.589],[11.534,-8.736],[8.095,-7.479],[6.11,-3.999],[6.802,-0.795],[9.616,0.343],[13.044,-0.905],[15.017,-4.368]],"c":true},"ix":2},"nm":"ô","mn":"ADBE Vector Shape - Group","hd":false},{"ind":1,"ty":"sh","ix":2,"ks":{"a":0,"k":{"i":[[0.485,-0.539],[0.621,0],[0.297,0.577],[-0.15,0.85],[-0.485,0.539],[-0.621,0],[-0.297,-0.577],[0.15,-0.85]],"o":[[-0.485,0.539],[-0.639,0],[-0.297,-0.577],[0.143,-0.809],[0.485,-0.539],[0.639,0],[0.297,0.577],[-0.143,0.809]],"v":[[11.736,-2.083],[10.077,-1.274],[8.674,-2.14],[8.454,-4.28],[9.395,-6.302],[11.054,-7.11],[12.457,-6.245],[12.677,-4.104]],"c":true},"ix":2},"nm":"ô","mn":"ADBE Vector Shape - Group","hd":false},{"ind":2,"ty":"sh","ix":3,"ks":{"a":0,"k":{"i":[[0.403,0.87],[-0.011,0.065],[0,0],[0.71,-0.87],[0.016,-0.094],[0,0],[-1.157,1.043],[0.016,-0.094],[0,0]],"o":[[-0.403,-0.87],[0,0],[-0.011,0.065],[-0.71,0.87],[0,0],[0.016,-0.094],[0.789,1.043],[0,0],[0.016,-0.094]],"v":[[13.909,-10.991],[13.321,-12.393],[11.018,-12.393],[9.936,-10.991],[8.846,-9.545],[10.208,-9.545],[11.968,-11.25],[13.126,-9.545],[14.489,-9.545]],"c":true},"ix":2},"nm":"ô","mn":"ADBE Vector Shape - Group","hd":false},{"ty":"mm","mm":1,"nm":"Merge Paths 1","mn":"ADBE Vector Filter - Merge","hd":false},{"ty":"fl","c":{"a":0,"k":[1,1,1,1],"ix":4},"o":{"a":0,"k":100,"ix":5},"r":1,"bm":0,"nm":"Fill 1","mn":"ADBE Vector Graphic - Fill","hd":false},{"ty":"st","c":{"a":0,"k":[0.803920012829,0.208070014505,0.208070014505,1],"ix":3},"o":{"a":0,"k":100,"ix":4},"w":{"a":0,"k":2,"ix":5},"lc":1,"lj":1,"ml":4,"bm":0,"nm":"Stroke 1","mn":"ADBE Vector Graphic - Stroke","hd":false},{"ty":"tr","p":{"a":0,"k":[0,0],"ix":2},"a":{"a":0,"k":[0,0],"ix":1},"s":{"a":0,"k":[100,100],"ix":3},"r":{"a":0,"k":0,"ix":6},"o":{"a":0,"k":100,"ix":7},"sk":{"a":0,"k":0,"ix":4},"sa":{"a":0,"k":0,"ix":5},"nm":"Transform"}],"nm":"ô","np":6,"cix":2,"bm":0,"ix":14,"mn":"ADBE Vector Group","hd":false},{"ty":"gr","it":[{"ind":0,"ty":"sh","ix":1,"ks":{"a":0,"k":{"i":[[-0.14,0.791],[-0.065,0.284],[-0.03,0.17],[0.467,0.425],[0.902,0],[0.924,-0.691],[0,0],[0,0],[0,0],[0.247,-1.4],[0.429,-1.834],[0,0],[-0.374,2.285],[-0.668,0],[-0.215,-0.328],[0.162,-0.92],[0.39,-1.482],[0,0]],"o":[[0.053,-0.299],[0.065,-0.284],[0.201,-1.143],[-0.467,-0.425],[-1.043,0],[0,0],[0,0],[0,0],[0.068,1.242],[-0.185,1.049],[0,0],[0.323,-1.834],[0.678,-0.457],[0.557,0],[0.215,0.328],[-0.268,1.518],[0,0],[0.313,-1.939]],"v":[[24.453,-4.096],[24.629,-4.97],[24.771,-5.651],[24.372,-8.002],[22.318,-8.64],[19.367,-7.603],[19.226,-7.603],[19.241,-8.534],[16.948,-8.288],[16.679,-4.324],[15.759,0],[18.123,0],[19.169,-6.179],[21.188,-6.864],[22.345,-6.372],[22.423,-4.5],[21.437,0],[23.774,0]],"c":true},"ix":2},"nm":"n","mn":"ADBE Vector Shape - Group","hd":false},{"ty":"fl","c":{"a":0,"k":[1,1,1,1],"ix":4},"o":{"a":0,"k":100,"ix":5},"r":1,"bm":0,"nm":"Fill 1","mn":"ADBE Vector Graphic - Fill","hd":false},{"ty":"st","c":{"a":0,"k":[0.803920012829,0.208070014505,0.208070014505,1],"ix":3},"o":{"a":0,"k":100,"ix":4},"w":{"a":0,"k":2,"ix":5},"lc":1,"lj":1,"ml":4,"bm":0,"nm":"Stroke 1","mn":"ADBE Vector Graphic - Stroke","hd":false},{"ty":"tr","p":{"a":0,"k":[0,0],"ix":2},"a":{"a":0,"k":[0,0],"ix":1},"s":{"a":0,"k":[100,100],"ix":3},"r":{"a":0,"k":0,"ix":6},"o":{"a":0,"k":100,"ix":7},"sk":{"a":0,"k":0,"ix":4},"sa":{"a":0,"k":0,"ix":5},"nm":"Transform"}],"nm":"n","np":3,"cix":2,"bm":0,"ix":15,"mn":"ADBE Vector Group","hd":false},{"ty":"gr","it":[{"ind":0,"ty":"sh","ix":1,"ks":{"a":0,"k":{"i":[[0.381,0],[0.365,-1.107],[0,0],[0.932,0],[0.756,-0.58],[0.152,-0.861],[-0.866,-0.475],[0,0],[0.114,-0.644],[-0.438,-0.311],[0,0],[0.373,-0.372],[0.094,-0.533],[-2.742,0],[-1.095,0.662],[-0.198,1.125],[2.35,0],[0.347,0.144],[-0.063,0.357],[-0.335,0.141],[-0.598,0],[-0.723,0.592],[-0.148,0.838],[0.268,0.439],[0,0],[-0.914,0],[0,0]],"o":[[-0.967,0],[0,0],[-0.518,-0.352],[-1.365,0],[-0.756,0.58],[-0.178,1.008],[0,0],[-0.75,0.434],[-0.113,0.639],[0,0],[-0.419,0.082],[-0.373,0.372],[-0.304,1.723],[1.4,0],[1.095,-0.662],[0.282,-1.6],[-1.359,0],[-0.347,-0.144],[0.04,-0.229],[0.364,0.094],[1.225,0],[0.722,-0.592],[0.096,-0.545],[0,0],[0.275,-0.264],[0,0],[-0.263,-0.135]],"v":[[35.217,-9.765],[33.219,-8.104],[33.096,-8.104],[30.921,-8.631],[27.74,-7.761],[26.379,-5.599],[27.411,-3.375],[27.389,-3.252],[26.093,-1.635],[26.58,-0.211],[26.557,-0.079],[25.369,0.602],[24.668,1.96],[28.326,4.544],[32.069,3.551],[34.01,0.87],[30.908,-1.529],[28.349,-1.745],[27.924,-2.496],[28.487,-3.05],[29.93,-2.909],[32.851,-3.797],[34.156,-5.941],[33.898,-7.418],[33.918,-7.532],[35.702,-7.928],[36.183,-9.563]],"c":true},"ix":2},"nm":"g","mn":"ADBE Vector Shape - Group","hd":false},{"ind":1,"ty":"sh","ix":2,"ks":{"a":0,"k":{"i":[[0.542,-0.316],[0.838,0],[-0.198,1.125],[-0.569,0.305],[-0.656,0],[-0.297,-0.193],[0.076,-0.434]],"o":[[-0.542,0.316],[-1.5,0],[0.106,-0.604],[0.658,0.059],[0.809,0],[0.297,0.193],[-0.092,0.521]],"v":[[30.773,2.777],[28.703,3.252],[26.75,1.564],[27.764,0.202],[29.735,0.29],[31.393,0.58],[31.724,1.521]],"c":true},"ix":2},"nm":"g","mn":"ADBE Vector Shape - Group","hd":false},{"ind":2,"ty":"sh","ix":3,"ks":{"a":0,"k":{"i":[[0.377,-0.261],[0.428,0],[0.292,0.27],[-0.092,0.522],[-0.378,0.267],[-0.439,0],[-0.291,-0.275],[0.093,-0.527]],"o":[[-0.377,0.261],[-0.451,0],[-0.292,-0.269],[0.091,-0.516],[0.378,-0.267],[0.439,0],[0.291,0.275],[-0.09,0.51]],"v":[[31.262,-4.557],[30.055,-4.166],[28.94,-4.57],[28.639,-5.757],[29.343,-6.93],[30.569,-7.33],[31.665,-6.917],[31.962,-5.713]],"c":true},"ix":2},"nm":"g","mn":"ADBE Vector Shape - Group","hd":false},{"ty":"mm","mm":1,"nm":"Merge Paths 1","mn":"ADBE Vector Filter - Merge","hd":false},{"ty":"fl","c":{"a":0,"k":[1,1,1,1],"ix":4},"o":{"a":0,"k":100,"ix":5},"r":1,"bm":0,"nm":"Fill 1","mn":"ADBE Vector Graphic - Fill","hd":false},{"ty":"st","c":{"a":0,"k":[0.803920012829,0.208070014505,0.208070014505,1],"ix":3},"o":{"a":0,"k":100,"ix":4},"w":{"a":0,"k":2,"ix":5},"lc":1,"lj":1,"ml":4,"bm":0,"nm":"Stroke 1","mn":"ADBE Vector Graphic - Stroke","hd":false},{"ty":"tr","p":{"a":0,"k":[0,0],"ix":2},"a":{"a":0,"k":[0,0],"ix":1},"s":{"a":0,"k":[100,100],"ix":3},"r":{"a":0,"k":0,"ix":6},"o":{"a":0,"k":100,"ix":7},"sk":{"a":0,"k":0,"ix":4},"sa":{"a":0,"k":0,"ix":5},"nm":"Transform"}],"nm":"g","np":6,"cix":2,"bm":0,"ix":16,"mn":"ADBE Vector Group","hd":false},{"ty":"gr","it":[{"ind":0,"ty":"sh","ix":1,"ks":{"a":0,"k":{"i":[[-0.389,2.203],[-0.338,1.453],[0,0],[0.28,-1.588],[0.09,-1.307],[0,0],[1.135,2.303],[-0.055,0.311],[0,0],[0.377,-2.139],[0.408,-1.816],[0,0],[-0.255,1.447],[-0.08,1.283],[0,0],[-1.261,-2.42],[0.042,-0.24],[0,0]],"o":[[0.385,-2.185],[0,0],[-0.212,1.67],[-0.183,1.037],[0,0],[-0.084,-0.82],[-1.065,-2.168],[0,0],[-0.177,1.5],[-0.383,2.174],[0,0],[0.285,-2.08],[0.183,-1.037],[0,0],[0.077,0.891],[1.206,2.297],[0,0],[0.233,-1.787]],"v":[[50.195,-5.985],[51.28,-11.443],[49.083,-11.443],[48.345,-6.557],[47.936,-3.041],[47.804,-3.041],[45.976,-7.726],[44.46,-11.443],[41.85,-11.443],[41.019,-5.985],[39.832,0],[41.994,0],[42.804,-5.291],[43.198,-8.771],[43.339,-8.771],[45.346,-3.806],[47.092,0],[49.263,0]],"c":true},"ix":2},"nm":"N","mn":"ADBE Vector Shape - Group","hd":false},{"ty":"fl","c":{"a":0,"k":[1,1,1,1],"ix":4},"o":{"a":0,"k":100,"ix":5},"r":1,"bm":0,"nm":"Fill 1","mn":"ADBE Vector Graphic - Fill","hd":false},{"ty":"st","c":{"a":0,"k":[0.803920012829,0.208070014505,0.208070014505,1],"ix":3},"o":{"a":0,"k":100,"ix":4},"w":{"a":0,"k":2,"ix":5},"lc":1,"lj":1,"ml":4,"bm":0,"nm":"Stroke 1","mn":"ADBE Vector Graphic - Stroke","hd":false},{"ty":"tr","p":{"a":0,"k":[0,0],"ix":2},"a":{"a":0,"k":[0,0],"ix":1},"s":{"a":0,"k":[100,100],"ix":3},"r":{"a":0,"k":0,"ix":6},"o":{"a":0,"k":100,"ix":7},"sk":{"a":0,"k":0,"ix":4},"sa":{"a":0,"k":0,"ix":5},"nm":"Transform"}],"nm":"N","np":3,"cix":2,"bm":0,"ix":17,"mn":"ADBE Vector Group","hd":false},{"ty":"gr","it":[{"ind":0,"ty":"sh","ix":1,"ks":{"a":0,"k":{"i":[[0.381,0],[0.365,-1.107],[0,0],[0.932,0],[0.756,-0.58],[0.152,-0.861],[-0.866,-0.475],[0,0],[0.114,-0.644],[-0.438,-0.311],[0,0],[0.373,-0.372],[0.094,-0.533],[-2.742,0],[-1.095,0.662],[-0.198,1.125],[2.35,0],[0.347,0.144],[-0.063,0.357],[-0.335,0.141],[-0.598,0],[-0.723,0.592],[-0.148,0.838],[0.268,0.439],[0,0],[-0.914,0],[0,0]],"o":[[-0.967,0],[0,0],[-0.518,-0.352],[-1.365,0],[-0.756,0.58],[-0.178,1.008],[0,0],[-0.75,0.434],[-0.113,0.639],[0,0],[-0.419,0.082],[-0.373,0.372],[-0.304,1.723],[1.4,0],[1.095,-0.662],[0.282,-1.6],[-1.359,0],[-0.347,-0.144],[0.04,-0.229],[0.364,0.094],[1.225,0],[0.722,-0.592],[0.096,-0.545],[0,0],[0.275,-0.264],[0,0],[-0.263,-0.135]],"v":[[60.995,-9.765],[58.997,-8.104],[58.874,-8.104],[56.7,-8.631],[53.518,-7.761],[52.157,-5.599],[53.189,-3.375],[53.167,-3.252],[51.871,-1.635],[52.359,-0.211],[52.335,-0.079],[51.147,0.602],[50.446,1.96],[54.104,4.544],[57.848,3.551],[59.788,0.87],[56.687,-1.529],[54.127,-1.745],[53.702,-2.496],[54.265,-3.05],[55.708,-2.909],[58.629,-3.797],[59.934,-5.941],[59.676,-7.418],[59.696,-7.532],[61.48,-7.928],[61.962,-9.563]],"c":true},"ix":2},"nm":"g","mn":"ADBE Vector Shape - Group","hd":false},{"ind":1,"ty":"sh","ix":2,"ks":{"a":0,"k":{"i":[[0.542,-0.316],[0.838,0],[-0.198,1.125],[-0.569,0.305],[-0.656,0],[-0.297,-0.193],[0.076,-0.434]],"o":[[-0.542,0.316],[-1.5,0],[0.106,-0.604],[0.658,0.059],[0.809,0],[0.297,0.193],[-0.092,0.521]],"v":[[56.551,2.777],[54.481,3.252],[52.529,1.564],[53.542,0.202],[55.513,0.29],[57.172,0.58],[57.502,1.521]],"c":true},"ix":2},"nm":"g","mn":"ADBE Vector Shape - Group","hd":false},{"ind":2,"ty":"sh","ix":3,"ks":{"a":0,"k":{"i":[[0.377,-0.261],[0.428,0],[0.292,0.27],[-0.092,0.522],[-0.378,0.267],[-0.439,0],[-0.291,-0.275],[0.093,-0.527]],"o":[[-0.377,0.261],[-0.451,0],[-0.292,-0.269],[0.091,-0.516],[0.378,-0.267],[0.439,0],[0.291,0.275],[-0.09,0.51]],"v":[[57.04,-4.557],[55.833,-4.166],[54.718,-4.57],[54.417,-5.757],[55.121,-6.93],[56.347,-7.33],[57.443,-6.917],[57.741,-5.713]],"c":true},"ix":2},"nm":"g","mn":"ADBE Vector Shape - Group","hd":false},{"ty":"mm","mm":1,"nm":"Merge Paths 1","mn":"ADBE Vector Filter - Merge","hd":false},{"ty":"fl","c":{"a":0,"k":[1,1,1,1],"ix":4},"o":{"a":0,"k":100,"ix":5},"r":1,"bm":0,"nm":"Fill 1","mn":"ADBE Vector Graphic - Fill","hd":false},{"ty":"st","c":{"a":0,"k":[0.803920012829,0.208070014505,0.208070014505,1],"ix":3},"o":{"a":0,"k":100,"ix":4},"w":{"a":0,"k":2,"ix":5},"lc":1,"lj":1,"ml":4,"bm":0,"nm":"Stroke 1","mn":"ADBE Vector Graphic - Stroke","hd":false},{"ty":"tr","p":{"a":0,"k":[0,0],"ix":2},"a":{"a":0,"k":[0,0],"ix":1},"s":{"a":0,"k":[100,100],"ix":3},"r":{"a":0,"k":0,"ix":6},"o":{"a":0,"k":100,"ix":7},"sk":{"a":0,"k":0,"ix":4},"sa":{"a":0,"k":0,"ix":5},"nm":"Transform"}],"nm":"g","np":6,"cix":2,"bm":0,"ix":18,"mn":"ADBE Vector Group","hd":false},{"ty":"gr","it":[{"ind":0,"ty":"sh","ix":1,"ks":{"a":0,"k":{"i":[[-0.23,1.307],[-0.254,1.107],[0,0],[0.543,-3.082],[0.686,0],[0.126,0.498],[-0.253,1.436],[-0.292,1.125],[0,0],[0.115,-0.65],[0.067,-0.328],[0.032,-0.182],[-0.4,-0.507],[-0.967,0],[-0.879,0.633],[0,0],[-0.038,-0.316],[0,0]],"o":[[0.311,-1.764],[0,0],[-0.124,1.102],[-0.556,0.328],[-0.627,0],[-0.126,-0.498],[0.178,-1.008],[0,0],[-0.14,1.424],[-0.043,0.246],[-0.067,0.328],[-0.268,1.518],[0.4,0.507],[1.025,0],[0,0],[-0.033,0.188],[0,0],[0.088,-1.394]],"v":[[69.754,-4.061],[70.601,-8.367],[68.214,-8.288],[67.213,-2.013],[65.351,-1.521],[64.222,-2.268],[64.412,-5.168],[65.117,-8.367],[62.649,-8.279],[62.268,-5.168],[62.103,-4.307],[61.955,-3.542],[62.153,-0.505],[64.203,0.255],[67.06,-0.694],[67.201,-0.694],[67.208,0.062],[69.277,-0.009]],"c":true},"ix":2},"nm":"u","mn":"ADBE Vector Shape - Group","hd":false},{"ty":"fl","c":{"a":0,"k":[1,1,1,1],"ix":4},"o":{"a":0,"k":100,"ix":5},"r":1,"bm":0,"nm":"Fill 1","mn":"ADBE Vector Graphic - Fill","hd":false},{"ty":"st","c":{"a":0,"k":[0.803920012829,0.208070014505,0.208070014505,1],"ix":3},"o":{"a":0,"k":100,"ix":4},"w":{"a":0,"k":2,"ix":5},"lc":1,"lj":1,"ml":4,"bm":0,"nm":"Stroke 1","mn":"ADBE Vector Graphic - Stroke","hd":false},{"ty":"tr","p":{"a":0,"k":[0,0],"ix":2},"a":{"a":0,"k":[0,0],"ix":1},"s":{"a":0,"k":[100,100],"ix":3},"r":{"a":0,"k":0,"ix":6},"o":{"a":0,"k":100,"ix":7},"sk":{"a":0,"k":0,"ix":4},"sa":{"a":0,"k":0,"ix":5},"nm":"Transform"}],"nm":"u","np":3,"cix":2,"bm":0,"ix":19,"mn":"ADBE Vector Group","hd":false},{"ty":"gr","it":[{"ind":0,"ty":"sh","ix":1,"ks":{"a":0,"k":{"i":[[0,0],[0.777,-1.667],[0.06,-0.34],[0,0],[0.219,1.781],[-0.036,0.205],[0,0],[-0.64,-2.352],[0.123,-0.697],[0.542,-0.413],[0.726,0],[0,0],[-0.716,0.539],[-0.639,1.465],[-1.367,2.338],[-0.067,0.381]],"o":[[-0.087,0.492],[-0.777,1.667],[0,0],[0.07,-0.398],[-0.219,-1.781],[0,0],[-0.02,0.111],[0.64,2.353],[-0.122,0.691],[-0.542,0.413],[0,0],[1.242,0],[0.743,-0.557],[0.372,-0.85],[1.196,-2.033],[0,0]],"v":[[77.84,-8.35],[76.544,-5.111],[75.288,-2.101],[75.165,-2.101],[74.942,-5.37],[74.668,-8.35],[71.952,-8.35],[72.882,-4.654],[73.658,-0.079],[72.662,1.578],[70.76,2.197],[70.637,3.894],[73.574,3.085],[75.647,0.053],[78.257,-4.729],[80.152,-8.35]],"c":true},"ix":2},"nm":"y","mn":"ADBE Vector Shape - Group","hd":false},{"ty":"fl","c":{"a":0,"k":[1,1,1,1],"ix":4},"o":{"a":0,"k":100,"ix":5},"r":1,"bm":0,"nm":"Fill 1","mn":"ADBE Vector Graphic - Fill","hd":false},{"ty":"st","c":{"a":0,"k":[0.803920012829,0.208070014505,0.208070014505,1],"ix":3},"o":{"a":0,"k":100,"ix":4},"w":{"a":0,"k":2,"ix":5},"lc":1,"lj":1,"ml":4,"bm":0,"nm":"Stroke 1","mn":"ADBE Vector Graphic - Stroke","hd":false},{"ty":"tr","p":{"a":0,"k":[0,0],"ix":2},"a":{"a":0,"k":[0,0],"ix":1},"s":{"a":0,"k":[100,100],"ix":3},"r":{"a":0,"k":0,"ix":6},"o":{"a":0,"k":100,"ix":7},"sk":{"a":0,"k":0,"ix":4},"sa":{"a":0,"k":0,"ix":5},"nm":"Transform"}],"nm":"y","np":3,"cix":2,"bm":0,"ix":20,"mn":"ADBE Vector Group","hd":false},{"ty":"gr","it":[{"ind":0,"ty":"sh","ix":1,"ks":{"a":0,"k":{"i":[[-0.396,2.244],[-0.344,1.488],[0,0],[0.218,-1.236],[0,0],[-0.361,1.647],[0,0],[0.367,-2.08],[0.417,-1.934],[0,0],[-0.225,1.277],[0,0],[0.4,-1.939],[0,0]],"o":[[0.379,-2.15],[0,0],[-0.249,1.811],[0,0],[0.247,-1.4],[0,0],[-0.199,1.559],[-0.363,2.057],[0,0],[0.309,-2.086],[0,0],[-0.251,1.424],[0,0],[0.226,-1.746]],"v":[[94.307,-5.985],[95.393,-11.443],[92.905,-11.443],[92.205,-6.873],[87.74,-6.873],[88.652,-11.443],[86.164,-11.443],[85.316,-5.985],[84.146,0],[86.634,0],[87.436,-5.045],[91.865,-5.045],[90.888,0],[93.375,0]],"c":true},"ix":2},"nm":"H","mn":"ADBE Vector Shape - Group","hd":false},{"ty":"fl","c":{"a":0,"k":[1,1,1,1],"ix":4},"o":{"a":0,"k":100,"ix":5},"r":1,"bm":0,"nm":"Fill 1","mn":"ADBE Vector Graphic - Fill","hd":false},{"ty":"st","c":{"a":0,"k":[0.803920012829,0.208070014505,0.208070014505,1],"ix":3},"o":{"a":0,"k":100,"ix":4},"w":{"a":0,"k":2,"ix":5},"lc":1,"lj":1,"ml":4,"bm":0,"nm":"Stroke 1","mn":"ADBE Vector Graphic - Stroke","hd":false},{"ty":"tr","p":{"a":0,"k":[0,0],"ix":2},"a":{"a":0,"k":[0,0],"ix":1},"s":{"a":0,"k":[100,100],"ix":3},"r":{"a":0,"k":0,"ix":6},"o":{"a":0,"k":100,"ix":7},"sk":{"a":0,"k":0,"ix":4},"sa":{"a":0,"k":0,"ix":5},"nm":"Transform"}],"nm":"H","np":3,"cix":2,"bm":0,"ix":21,"mn":"ADBE Vector Group","hd":false},{"ty":"gr","it":[{"ind":0,"ty":"sh","ix":1,"ks":{"a":0,"k":{"i":[[-0.266,1.506],[-0.277,1.137],[0,0],[0.275,-1.559],[0.296,-1.213],[0,0]],"o":[[0.311,-1.764],[0,0],[-0.007,1.172],[-0.277,1.57],[0,0],[0.143,-1.277]],"v":[[98.725,-4.175],[99.607,-8.525],[97.031,-8.271],[96.607,-4.175],[95.748,0],[98.112,0]],"c":true},"ix":2},"nm":"i","mn":"ADBE Vector Shape - Group","hd":false},{"ind":1,"ty":"sh","ix":2,"ks":{"a":0,"k":{"i":[[0.181,0.255],[0.416,0],[0.324,-0.293],[0.07,-0.398],[-0.186,-0.258],[-0.41,0],[-0.325,0.299],[-0.07,0.399]],"o":[[-0.181,-0.255],[-0.492,0],[-0.324,0.293],[-0.064,0.363],[0.186,0.258],[0.486,0],[0.325,-0.299],[0.063,-0.357]],"v":[[100.28,-11.922],[99.385,-12.305],[98.161,-11.865],[97.569,-10.828],[97.752,-9.896],[98.647,-9.51],[99.864,-9.958],[100.457,-11.004]],"c":true},"ix":2},"nm":"i","mn":"ADBE Vector Shape - Group","hd":false},{"ty":"mm","mm":1,"nm":"Merge Paths 1","mn":"ADBE Vector Filter - Merge","hd":false},{"ty":"fl","c":{"a":0,"k":[1,1,1,1],"ix":4},"o":{"a":0,"k":100,"ix":5},"r":1,"bm":0,"nm":"Fill 1","mn":"ADBE Vector Graphic - Fill","hd":false},{"ty":"st","c":{"a":0,"k":[0.803920012829,0.208070014505,0.208070014505,1],"ix":3},"o":{"a":0,"k":100,"ix":4},"w":{"a":0,"k":2,"ix":5},"lc":1,"lj":1,"ml":4,"bm":0,"nm":"Stroke 1","mn":"ADBE Vector Graphic - Stroke","hd":false},{"ty":"tr","p":{"a":0,"k":[0,0],"ix":2},"a":{"a":0,"k":[0,0],"ix":1},"s":{"a":0,"k":[100,100],"ix":3},"r":{"a":0,"k":0,"ix":6},"o":{"a":0,"k":100,"ix":7},"sk":{"a":0,"k":0,"ix":4},"sa":{"a":0,"k":0,"ix":5},"nm":"Transform"}],"nm":"i","np":5,"cix":2,"bm":0,"ix":22,"mn":"ADBE Vector Group","hd":false},{"ty":"gr","it":[{"ind":0,"ty":"sh","ix":1,"ks":{"a":0,"k":{"i":[[0.485,0.674],[1.242,0],[0.926,-0.917],[0.22,-1.248],[-0.656,-0.85],[-1.512,0],[-0.86,0.293],[0,0],[0.879,0],[0.409,0.439],[-0.035,0.662],[0,0],[-0.053,0.299]],"o":[[-0.485,-0.674],[-1.359,0],[-0.926,0.917],[-0.211,1.195],[0.656,0.85],[1.195,0],[0,0],[-1.037,0.264],[-0.791,0],[-0.409,-0.439],[0,0],[0.12,-0.48],[0.19,-1.078]],"v":[[108.189,-7.699],[105.598,-8.71],[102.17,-7.334],[100.45,-4.087],[101.118,-1.02],[104.369,0.255],[107.452,-0.185],[107.929,-1.89],[105.055,-1.494],[103.256,-2.153],[102.694,-3.806],[108.372,-3.902],[108.631,-5.071]],"c":true},"ix":2},"nm":"ể","mn":"ADBE Vector Shape - Group","hd":false},{"ind":1,"ty":"sh","ix":2,"ks":{"a":0,"k":{"i":[[0,0],[-1.096,0],[0.238,-1.348]],"o":[[0.451,-1.394],[1.148,0],[0,0]],"v":[[102.902,-5.08],[105.222,-7.172],[106.588,-5.15]],"c":true},"ix":2},"nm":"ể","mn":"ADBE Vector Shape - Group","hd":false},{"ind":2,"ty":"sh","ix":3,"ks":{"a":0,"k":{"i":[[0.403,0.873],[-0.011,0.065],[0,0],[0.711,-0.873],[0.015,-0.088],[0,0],[-1.157,1.043],[0.016,-0.094],[0,0]],"o":[[-0.403,-0.873],[0,0],[-0.011,0.065],[-0.711,0.873],[0,0],[0.016,-0.094],[0.789,1.043],[0,0],[0.015,-0.088]],"v":[[107.924,-10.986],[107.338,-12.393],[105.035,-12.393],[103.952,-10.986],[102.863,-9.545],[104.225,-9.545],[105.985,-11.25],[107.143,-9.545],[108.505,-9.545]],"c":true},"ix":2},"nm":"ể","mn":"ADBE Vector Shape - Group","hd":false},{"ind":3,"ty":"sh","ix":4,"ks":{"a":0,"k":{"i":[[0,0],[0,0],[-0.23,0.193],[-0.054,0.305],[0.069,0.188],[0.169,0.141],[0.257,0.085],[0.336,0.023],[0,0],[-0.125,-0.138],[0.034,-0.193],[0.12,-0.1],[0.267,-0.088],[0,0]],"o":[[0,0],[0.37,-0.105],[0.23,-0.193],[0.04,-0.229],[-0.069,-0.187],[-0.169,-0.141],[-0.257,-0.085],[0,0],[0.25,0.012],[0.125,0.138],[-0.027,0.152],[-0.12,0.1],[0,0],[0,0]],"v":[[109.181,-11.435],[109.213,-11.865],[110.114,-12.313],[110.54,-13.061],[110.497,-13.685],[110.139,-14.177],[109.5,-14.515],[108.611,-14.678],[108.306,-13.799],[108.869,-13.575],[109.005,-13.078],[108.785,-12.7],[108.204,-12.419],[108.337,-11.329]],"c":true},"ix":2},"nm":"ể","mn":"ADBE Vector Shape - Group","hd":false},{"ty":"mm","mm":1,"nm":"Merge Paths 1","mn":"ADBE Vector Filter - Merge","hd":false},{"ty":"fl","c":{"a":0,"k":[1,1,1,1],"ix":4},"o":{"a":0,"k":100,"ix":5},"r":1,"bm":0,"nm":"Fill 1","mn":"ADBE Vector Graphic - Fill","hd":false},{"ty":"st","c":{"a":0,"k":[0.803920012829,0.208070014505,0.208070014505,1],"ix":3},"o":{"a":0,"k":100,"ix":4},"w":{"a":0,"k":2,"ix":5},"lc":1,"lj":1,"ml":4,"bm":0,"nm":"Stroke 1","mn":"ADBE Vector Graphic - Stroke","hd":false},{"ty":"tr","p":{"a":0,"k":[0,0],"ix":2},"a":{"a":0,"k":[0,0],"ix":1},"s":{"a":0,"k":[100,100],"ix":3},"r":{"a":0,"k":0,"ix":6},"o":{"a":0,"k":100,"ix":7},"sk":{"a":0,"k":0,"ix":4},"sa":{"a":0,"k":0,"ix":5},"nm":"Transform"}],"nm":"ể","np":7,"cix":2,"bm":0,"ix":23,"mn":"ADBE Vector Group","hd":false},{"ty":"gr","it":[{"ind":0,"ty":"sh","ix":1,"ks":{"a":0,"k":{"i":[[-0.173,0.979],[-0.067,0.314],[-0.02,0.111],[0.431,0.431],[0.996,0],[0.989,-0.691],[0,0],[1.195,0],[0.884,-0.691],[0,0],[0,0],[0,0],[0.242,-1.371],[0.428,-1.828],[0,0],[-0.38,2.32],[-0.639,0],[-0.161,-0.334],[0.138,-0.785],[0.412,-1.605],[0,0],[-0.173,0.979],[-0.153,0.733],[-0.475,0],[-0.213,-0.322],[0.185,-1.049],[0.384,-1.482],[0,0]],"o":[[0.02,-0.111],[0.067,-0.313],[0.199,-1.131],[-0.431,-0.431],[-0.85,0],[0,0],[-0.364,-0.691],[-0.955,0],[0,0],[0,0],[0,0],[0.063,1.272],[-0.186,1.055],[0,0],[0.322,-1.828],[0.497,-0.428],[0.691,0],[0.161,0.334],[-0.268,1.518],[0,0],[0.307,-1.939],[0.102,-0.58],[0.588,-0.346],[0.592,0],[0.213,0.322],[-0.247,1.4],[0,0],[0.318,-1.939]],"v":[[123.08,-4.377],[123.21,-5.014],[123.34,-5.651],[122.993,-7.994],[120.852,-8.64],[118.095,-7.603],[117.954,-7.603],[115.614,-8.64],[112.856,-7.603],[112.716,-7.603],[112.73,-8.534],[110.437,-8.288],[110.169,-4.324],[109.248,0],[111.612,0],[112.666,-6.223],[114.37,-6.864],[115.648,-6.363],[115.682,-4.685],[114.662,0],[117.018,0],[117.737,-4.377],[118.119,-6.346],[119.713,-6.864],[120.92,-6.381],[120.962,-4.324],[120.015,0],[122.344,0]],"c":true},"ix":2},"nm":"m","mn":"ADBE Vector Shape - Group","hd":false},{"ty":"fl","c":{"a":0,"k":[1,1,1,1],"ix":4},"o":{"a":0,"k":100,"ix":5},"r":1,"bm":0,"nm":"Fill 1","mn":"ADBE Vector Graphic - Fill","hd":false},{"ty":"st","c":{"a":0,"k":[0.803920012829,0.208070014505,0.208070014505,1],"ix":3},"o":{"a":0,"k":100,"ix":4},"w":{"a":0,"k":2,"ix":5},"lc":1,"lj":1,"ml":4,"bm":0,"nm":"Stroke 1","mn":"ADBE Vector Graphic - Stroke","hd":false},{"ty":"tr","p":{"a":0,"k":[0,0],"ix":2},"a":{"a":0,"k":[0,0],"ix":1},"s":{"a":0,"k":[100,100],"ix":3},"r":{"a":0,"k":0,"ix":6},"o":{"a":0,"k":100,"ix":7},"sk":{"a":0,"k":0,"ix":4},"sa":{"a":0,"k":0,"ix":5},"nm":"Transform"}],"nm":"m","np":3,"cix":2,"bm":0,"ix":24,"mn":"ADBE Vector Group","hd":false}],"ip":0,"op":59,"st":0,"bm":0},{"ddd":0,"ind":6,"ty":0,"nm":"main","refId":"comp_0","sr":1,"ks":{"o":{"a":0,"k":100,"ix":11},"r":{"a":0,"k":0,"ix":10},"p":{"a":0,"k":[400,223.5,0],"ix":2},"a":{"a":0,"k":[400,222.5,0],"ix":1},"s":{"a":0,"k":[-100,100,100],"ix":6}},"ao":0,"w":800,"h":445,"ip":0,"op":59,"st":0,"bm":0},{"ddd":0,"ind":7,"ty":2,"nm":"court.png","cl":"png","refId":"image_14","sr":1,"ks":{"o":{"a":0,"k":100,"ix":11},"r":{"a":0,"k":0,"ix":10},"p":{"a":0,"k":[400,225.5,0],"ix":2},"a":{"a":0,"k":[391.5,100.5,0],"ix":1},"s":{"a":0,"k":[100,100,100],"ix":6}},"ao":0,"ip":0,"op":59,"st":0,"bm":0},{"ddd":0,"ind":8,"ty":4,"nm":"BACKGC","sr":1,"ks":{"o":{"a":0,"k":100,"ix":11},"r":{"a":0,"k":0,"ix":10},"p":{"a":0,"k":[409.45,72.5,0],"ix":2},"a":{"a":0,"k":[0,0,0],"ix":1},"s":{"a":0,"k":[100,100,100],"ix":6}},"ao":0,"shapes":[{"ty":"gr","it":[{"ty":"rc","d":1,"s":{"a":0,"k":[1000,345],"ix":2},"p":{"a":0,"k":[0,0],"ix":3},"r":{"a":0,"k":0,"ix":4},"nm":"Rectangle Path 1","mn":"ADBE Vector Shape - Rect","hd":false},{"ty":"fl","c":{"a":0,"k":[0.203921571374,0.203921571374,0.203921571374,1],"ix":4},"o":{"a":0,"k":100,"ix":5},"r":1,"bm":0,"nm":"Fill 1","mn":"ADBE Vector Graphic - Fill","hd":false},{"ty":"tr","p":{"a":0,"k":[-19,100],"ix":2},"a":{"a":0,"k":[0,0],"ix":1},"s":{"a":0,"k":[100,100],"ix":3},"r":{"a":0,"k":0,"ix":6},"o":{"a":0,"k":100,"ix":7},"sk":{"a":0,"k":0,"ix":4},"sa":{"a":0,"k":0,"ix":5},"nm":"Transform"}],"nm":"Rectangle 2","np":3,"cix":2,"bm":0,"ix":1,"mn":"ADBE Vector Group","hd":false},{"ty":"gr","it":[{"ty":"rc","d":1,"s":{"a":0,"k":[1,0],"ix":2},"p":{"a":0,"k":[0,0],"ix":3},"r":{"a":0,"k":0,"ix":4},"nm":"Rectangle Path 1","mn":"ADBE Vector Shape - Rect","hd":false},{"ty":"fl","c":{"a":0,"k":[0,0,0,1],"ix":4},"o":{"a":0,"k":100,"ix":5},"r":1,"bm":0,"nm":"Fill 1","mn":"ADBE Vector Graphic - Fill","hd":false},{"ty":"tr","p":{"a":0,"k":[-562.5,-182.5],"ix":2},"a":{"a":0,"k":[0,0],"ix":1},"s":{"a":0,"k":[100,100],"ix":3},"r":{"a":0,"k":0,"ix":6},"o":{"a":0,"k":100,"ix":7},"sk":{"a":0,"k":0,"ix":4},"sa":{"a":0,"k":0,"ix":5},"nm":"Transform"}],"nm":"Rectangle 1","np":3,"cix":2,"bm":0,"ix":2,"mn":"ADBE Vector Group","hd":false}],"ip":0,"op":59,"st":0,"bm":0}],"markers":[]}